supplier_company_name,supplier_type,vendor_sku,manufacturer_name,manufacturer_part_number,product_description,sector,product_family,category,api_standard,astm_standard,other_standard,pressure_rating_psi,pressure_class_ansi,temperature_rating_min_c,temperature_rating_max_c,material_grade,size_nps,size_mm,wall_thickness_in,end_connection,bore_configuration,actuator_type,fluid_service,is_h2s_service,nace_compliant,ex_rating,hazard_class,un_number,certifications,country_of_origin,hs_code,export_controlled,min_order_qty,min_order_qty_uom,lead_time_days,incoterms,qty_available,qty_uom,condition,unit_price,currency,ship_from_location,ship_from_country,earliest_ship_date,notes
"
INSTRUCTIONS: Fill in one row per product/SKU. Required fields: supplier_company_name | vendor_sku | product_description | sector | qty_available | qty_uom | unit_price | currency.
SECTOR values: upstream | midstream | downstream | consumer
PRODUCT FAMILY examples — Upstream: Wellhead & Christmas Tree / Drilling Equipment / Casing & Tubing / BOP Equipment / Drilling Chemicals / Downhole Tools / Subsea Equipment
                          Midstream: Pipeline Fittings / Ball Valves / Gate Valves / Check Valves / Pipeline Pig Launchers / Compressors / Metering & Fiscal / SCADA & Control
                          Downstream: Heat Exchangers / Pressure Vessels & Reactors / Refinery Pumps / Storage Tanks / Instrumentation & Analyzers / Fired Heaters / Catalysts
                          Consumer/General: Safety & PPE / Fire & Gas Detection / Lifting & Rigging / Electrical & Lighting / Mechanical Seals / Gaskets & Seals / Lubricants
",,,,,,,,,,,,,,,,,,,,,,,,,,,,,,,,,,,,,,,,,,,,,,
,,,,,,,,,,,,,,,,,,,,,,,,,,,,,,,,,,,,,,,,,,,,,,
=== UPSTREAM ===,,,,,,,,,,,,,,,,,,,,,,,,,,,,,,,,,,,,,,,,,,,,,,
DrilTech Supply Co.,Distributor,DTS-WHD-36-5000,Cameron,C-WH-3650-FL,Wellhead Casing Spool 13-3/8" x 10-3/4" - 5000 PSI WP - API 6A - BX163 ring groove,upstream,Wellhead & Christmas Tree,Wellhead Equipment,API 6A,,,"5000","5000#",-60,121,AISI 4130 NACE,13.375,339.73,,Flanged,Full Bore,,Oil/Gas,Yes,Yes,ATEX Zone 1,,,"{""API 6A"": true, ""NACE MR0175"": true, ""CE"": false}",USA,8431.43.10,No,1,pcs,60,EXW,4,pcs,new,28500,USD,"Houston, TX",USA,2026-03-15,Includes PR-2 pressure test certification. BX163 ring groove both flanges.
DrilTech Supply Co.,Distributor,DTS-BOP-11-5K,NOV,BOP-11-5000-SGL,BOP Single Ram Preventer 11" x 5000 PSI - Side Outlets 3-1/16" 5000 PSI,upstream,BOP Equipment,Blowout Preventer,API 16A,,,5000,"5000#",-29,121,AISI 4130,11,279.4,,Flanged,,,Multiphase,Yes,Yes,ATEX Zone 1,,,"{""API 16A"": true, ""NACE MR0175"": true}",USA,8413.50.90,No,1,pcs,90,EXW,2,pcs,surplus_new,142000,USD,"Houston, TX",USA,2026-04-01,Factory tested to 5000 PSI. Stored indoors with ram bonnets installed.
PetroTube International,OEM,PTI-CASING-P110-95,TMK,TMK-P110-9-5/8,API 5CT P110 Casing 9-5/8" 47ppf R3 - New Premium,upstream,Casing & Tubing,Casing,API 5CT,ASTM A519,,9300,,,150,P110,,244.48,0.472,BTC/LTC,,,"Oil/Gas",No,No,,,,,"{""API 5CT"": true, ""PSL-1"": true}",Romania,7304.29.10,No,1,joint,21,FOB,350,joints,new,1850,USD,"Ploiesti",Romania,2026-02-28,9-5/8" 47ppf P110 BTC. 42ft joints average. Mill certs available.
PetroTube International,OEM,PTI-TUBING-L80-35,Tenaris,TEN-L80-3.5-9.3,API 5CT L80 Tubing 3-1/2" 9.3ppf R2 EUE 8rd,upstream,Casing & Tubing,Production Tubing,API 5CT,,,10000,,,121,L80,,88.9,0.254,EUE 8rd,,,"Oil/Gas/H2S",Yes,Yes,,,,,"{""API 5CT"": true, ""NACE MR0175"": true}",Argentina,7304.39.10,No,1,joint,14,FOB,225,joints,new,185,USD,"Buenos Aires",Argentina,2026-03-01,L80 sour service. EUE 8rd couplings included. MTC available.
DrillChem Solutions,Distributor,DCS-DMF-BARITE,Halliburton,HAL-BARITE-API,API-Grade Barite Drilling Fluid Weighting Agent - 4.2 SG,upstream,Drilling Chemicals,Drilling Fluids,API 13A,,,,,,,,"Barium Sulfate ≥97%",,,,,,,"Brine/Water",No,No,,9,UN2810,"{""API 13A"": true, ""REACH"": true}",Morocco,2833.27.00,No,25,ton,7,CIF,800,ton,new,285,USD,"Casablanca",Morocco,2026-02-25,API 13A Grade D/E. Moisture < 0.5%. Specific gravity min 4.20. Packed in 25kg bags or bulk.
DrillChem Solutions,Distributor,DCS-PDC-655,Smith Bits,SB-SDM-655-MLX,PDC Drill Bit 6-1/2" 5-Blade 19mm Cutters - SD Series for Hard Formation,upstream,Drilling Equipment,Drill Bits,API 7-1,,,,,,,,"Matrix Body",,165.1,,API Reg Pin,,,"Rock/Hard Formation",No,No,ATEX Zone 1,,,"{""API 7-1"": true}",USA,8207.70.00,No,1,pcs,30,EXW,1,pcs,new,12800,USD,"Midland, TX",USA,2026-03-10,New in box. Last run date: never. 5 nozzle ports 14/32" TFA.
,,,,,,,,,,,,,,,,,,,,,,,,,,,,,,,,,,,,,,,,,,,,,,
=== MIDSTREAM ===,,,,,,,,,,,,,,,,,,,,,,,,,,,,,,,,,,,,,,,,,,,,,,
FlowControl Industries,OEM,FCI-BV-8-600-TRN-EL,Velan,VEL-F-8-600-TRN,Trunnion-Mounted Ball Valve 8" CL600 RF Full Bore - Electric Actuator EIM,midstream,Ball Valves,Valves,API 6D,ASTM A216 WCB,,1440,"600#",-29,200,ASTM A216 WCB,8,203.2,,Flanged RF,Full Bore,Electric,Gas,No,No,ATEX Zone 2,,,"{""API 6D"": true, ""CE"": true, ""PED"": true, ""ATEX"": true}",Italy,8481.80.39,No,1,pcs,45,DAP,6,pcs,new,18500,USD,"Milan",Italy,2026-04-15,EIM M2000 electric actuator. On/off with limit switches and local control panel. Anti-static device.
FlowControl Industries,OEM,FCI-GV-16-900-OS-Y,KSB,KSB-GV-16-900-OS-Y,Gate Valve 16" CL900 RTJ Full Bore OS&Y Gear Operated,midstream,Gate Valves,Valves,API 600,ASTM A216 WCB,,2220,"900#",-29,427,ASTM A216 WCB / SS316 trim,16,406.4,,Flanged RTJ,Full Bore,Manual (Gear),Oil/Condensate,No,No,,,,,"{""API 600"": true, ""CE"": true, ""PED"": true}",Germany,8481.10.39,No,1,pcs,60,EXW,3,pcs,surplus_new,24000,USD,"Dusseldorf",Germany,2026-03-20,Surplus from cancelled project. Never installed. Includes certs and FAT report.
PipelineTech,Distributor,PLT-LR-ELB-12-XH-B31,Bonney Forge,BF-LRELB-12-XH,Long Radius Elbow 12" SCH XH (0.500") 90° ASTM A234 WPB BW,midstream,Pipeline Fittings,Pipe Fittings,,ASTM A234 WPB,ASME B16.9,,"",,-29,343,ASTM A234 WPB,12,323.85,0.5,Butt Weld,,,,No,No,,,,,"{""ASME B16.9"": true, ""ASTM A234"": true}",China,7307.93.90,No,1,pcs,14,FOB,480,pcs,new,165,USD,"Shanghai",China,2026-03-05,Seamless. PWHT performed. Dimensional cert to MSS SP-75. Wall thickness verified UT.
PipelineTech,Distributor,PLT-FLNG-10-600-RF-A105,Galperti,GP-WN-10-600-RF,Weld Neck Flange 10" CL600 RF Bore to Match Sch STD ASTM A105,midstream,Pipeline Fittings,Flanges,,ASTM A105,ASME B16.5,1440,"600#",-29,427,ASTM A105,10,273.05,,Flanged RF,,,,No,No,,,,,"{""ASME B16.5"": true, ""ASTM A105"": true}",Italy,7307.91.90,No,1,pcs,72,EXW,30,pcs,new,295,USD,"Borgomanero",Italy,2026-03-10,Full face RTJ options available on request. 100% MT. Certs to EN 10204-3.1.
CompressorHub,Distributor,CMH-RECIP-PARTS-SK,Ariel Corporation,ARI-SK-JGC-4-RPM,Piston Rod Packing Set JGC/4 Ariel Compressor - Complete Kit,midstream,Compressors,Compressor Parts,API 618,,,,,,,PTFE / Carbon composite,,,,,,Gas,No,No,ATEX Zone 1,,,"{""API 618"": true}",USA,8414.90.00,No,1,set,21,EXW,10,set,new,3200,USD,"Mount Vernon, OH",USA,2026-02-28,OEM Ariel parts. Includes all wear rings and rod packing. Kit for one throw.
MeterTech Solutions,OEM,MTS-USM-12-FISCAL,Emerson,EM-3411-12-FISCAL,Ultrasonic Flow Meter 12" CL300 RF Fiscal Grade - 4-Path Multipath,midstream,Metering & Fiscal,Flow Meters,AGA-9,,,740,"300#",-40,80,Carbon Steel body / SS internals,12,323.85,,Flanged RF,,,"Gas (Natural)",No,No,ATEX Zone 1,,,"{""AGA-9"": true, ""OIML R137"": true, ""ATEX"": true, ""NTEP"": true}",Germany,9028.10.10,No,1,pcs,120,CIF,2,pcs,new,67000,USD,"Emerson Essen",Germany,2026-05-01,Fiscal / custody transfer. Includes RTU interface 4-20mA + MODBUS RTU. SIL 2 capable.
,,,,,,,,,,,,,,,,,,,,,,,,,,,,,,,,,,,,,,,,,,,,,,
=== DOWNSTREAM ===,,,,,,,,,,,,,,,,,,,,,,,,,,,,,,,,,,,,,,,,,,,,,,
HeatEx Engineering,OEM,HEX-SHELL-TUBE-600M2,Alfa Laval,AL-TS6-M-600,Shell & Tube Heat Exchanger TEMA Type BEM - 600m² - Carbon Steel Shell / SS316L Tubes,downstream,Heat Exchangers,Heat Transfer Equipment,,ASTM A516 Gr70 / ASTM A269 TP316L,ASME VIII Div.1 / TEMA C,435,"300#",,-250,150,"CS A516-70 / SS316L",,,,Flanged,,,Hydrocarbons,No,No,ATEX Zone 2,,,"{""ASME VIII"": true, ""TEMA C"": true, ""PED"": true, ""CE"": true}",Germany,8419.50.20,No,1,pcs,180,DAP,1,pcs,new,185000,USD,"Dusseldorf",Germany,2026-08-01,"600m2 effective area. Bundle removable. 2-pass shell. Design P: 6 bar shell / 10 bar tube. Hydrotest cert included."
VesselWorks,OEM,VW-PV-ASME-150BAR,Pressure Fab Ltd,PFL-PV-2500L-150,Pressure Vessel Horizontal ASME VIII Div.1 - 2500L - 150 barg - CS+Stainless Clad,downstream,Pressure Vessels & Reactors,Pressure Vessels,,ASTM A516 Gr70 + SS316L clad,ASME VIII Div.1,2175,"1500#",-10,300,"ASTM A516 Gr70 / SS316L",,,,Flanged,,,Hydrocarbons/Steam,No,No,ATEX Zone 2,,,"{""ASME VIII"": true, ""PED"": true, ""CE"": true, ""NB Stamped"": true}",UK,8419.89.30,No,1,pcs,240,EXW,1,pcs,new,145000,USD,"Aberdeen",UK,2026-09-15,NB stamped. Includes nameplate & UB-94 form. 4 nozzles + manhole. Insulation rings fitted.
PumpServ International,Distributor,PSI-CENT-API610-14BB,Sulzer,SUL-BB2-14-150-2P,Centrifugal Pump API 610 BB2 Type - 14" Impeller - 150 m³/h - 200m TDH - 2-Stage,downstream,Refinery Pumps,Pumps,API 610,ASTM A216 WCB,,"",3000,,,200,ASTM A216 WCB + SS316 impeller,,,,Flanged,,,"Hydrocarbons (Light crude/Diesel)",No,No,ATEX Zone 1,,,"{""API 610"": true, ""ATEX"": true, ""CE"": true}",Switzerland,8413.70.29,No,1,pcs,90,EXW,2,pcs,surplus_new,98000,USD,"Winterthur",Switzerland,2026-04-30,Surplus. Never installed. Includes baseplate, coupling, and Sulzer motor 90kW 4P 400V 50Hz. Hydro tested.
InstruControl,OEM,IC-PT-SMART-4-20,Honeywell,HON-STG-800-H,Smart Differential Pressure Transmitter HART / FF - SIL 2 Rated - Range 0-40 bar,downstream,Instrumentation & Analyzers,Pressure Transmitters,,,,580,,,85,"316L SS wetted parts",,,,2" NPT Male,,,"Liquids/Gas/Steam",No,No,ATEX Zone 1,,,"{""SIL 2"": true, ""ATEX"": true, ""IECEx"": true, ""HART 7"": true, ""OIML"": true}",USA,9026.20.40,No,1,pcs,21,EXW,45,pcs,new,1850,USD,"Houston, TX",USA,2026-03-01,HART 7 and Foundation Fieldbus versions in stock. Includes Namur bracket kit.
InstruControl,OEM,IC-CTRL-VALVE-4-PN40,Flowserve,FLS-CV-4-PN40-POSIT,Globe Control Valve 4" PN40 Equal % SS Trim - Pneumatic Actuator + Positioner,downstream,Instrumentation & Analyzers,Control Valves,ISA S75.01,ASTM A216 WCB,EN 1092-1,580,"PN40",-40,200,"A216 WCB body / SS316 trim",4,114.3,,Flanged PN40,,Pneumatic,"Steam/Liquids",No,No,ATEX Zone 2,,,"{""SIL 2"": true, ""ATEX"": true, ""PED"": true, ""CE"": true, ""ISA 75.01"": true}",USA,8481.20.10,No,1,pcs,60,EXW,3,pcs,new,11500,USD,"Lynchburg, VA",USA,2026-03-20,Digital valve controller HART. Cv 148. Noise reduced trim available.
TankTech,OEM,TTK-ST-FLOAT-ROOF-API650,TIW,TIW-EFR-5000M3,External Floating Roof Storage Tank API 650 - 5000 m³ - 30m Dia - CS,downstream,Storage Tanks,Atmospheric Storage,API 650,ASTM A36 / ASTM A283-C,,"",Atmospheric,,,-10,45,ASTM A36 Carbon Steel,,,,,,,"Crude Oil/Fuel",No,No,,,,,"{""API 650"": true, ""NFPA 30"": true}",UAE,7309.00.51,No,1,pcs,365,DDP,1,pcs,new,980000,USD,"Dubai",UAE,2026-02-15,Design includes all accessories: gauge hatch, sample connection, drain, stairway, foam dam.
,,,,,,,,,,,,,,,,,,,,,,,,,,,,,,,,,,,,,,,,,,,,,,
=== CONSUMER / GENERAL ===,,,,,,,,,,,,,,,,,,,,,,,,,,,,,,,,,,,,,,,,,,,,,,
SafetyFirst Global,Distributor,SFG-PPE-SCBA-AIR,Scott Safety,SS-AP50-SCBA,Self-Contained Breathing Apparatus (SCBA) 45-min Air Cylinder - EN137,consumer,Safety & PPE,Respiratory Protection,,,,300,,,-20,60,,,,,,,Gas/Hazardous Atmosphere,No,No,ATEX Zone 1,,,"{""EN 137"": true, ""NIOSH"": true, ""CE"": true}",UK,9020.00.00,No,1,pcs,30,DAP,14,pcs,new,1850,USD,"Manchester",UK,2026-03-01,30-minute and 60-minute options available. Includes carrying harness and facepiece.
SafetyFirst Global,Distributor,SFG-FGD-FIXED-H2S,MSA Safety,MSA-ULTIMA-H2S,Fixed H2S Gas Detector 4-20mA Output - Electrochemical Cell - Weatherproof IP66,consumer,Fire & Gas Detection,Gas Detection,,,,,,,-40,60,Aluminium housing / SS316 cell,,,,2" Pipe Mount,,,"H2S (0-100 ppm)",No,No,ATEX Zone 1,,,"{""ATEX"": true, ""IECEx"": true, ""SIL 2"": true, ""EN 60079"": true, ""IP66"": true}",Germany,9027.10.10,No,1,pcs,14,EXW,25,pcs,new,1650,USD,"Berlin",Germany,2026-03-05,0-100 ppm standard range. 0-500 ppm option available. 3-wire 4-20mA + RS485 Modbus.
LiftSafe Equipment,Distributor,LSE-SLING-WR-20T,Pewag,PEW-WR-20T-4LEG,Wire Rope Sling 4-Leg 20-Tonne SWL 7m - EN 13414-1 - Crosby Shackles,consumer,Lifting & Rigging,Lifting Equipment,,,,,,,-20,200,6x36 IWRC galvanized steel,,,,,,,"General Lifting",No,No,,,,,"{""EN 13414-1"": true, ""LOLER"": true}",Poland,7326.90.98,No,1,pcs,21,EXW,15,pcs,new,2800,USD,"Warsaw",Poland,2026-03-10,Colour coded hooks. 10-year inspection record card included. Tested to 2× SWL.
LubriServ,Distributor,LBS-GREASE-HT-NLGI2,Castrol,CAS-MOLUB-3000-NLGI2,High Temperature Bearing Grease NLGI Grade 2 - 180°C continuous service - 18kg pail,consumer,Lubricants,Lubricants & Fluids,,,,,,,-30,180,Lithium Complex base,,,,,,,"Bearing/Mechanical",No,No,ATEX Zone 2,9,UN1950,"{""REACH"": true, ""DIN 51825"": true, ""NLGI 2"": true}",Belgium,2710.19.35,No,6,pail,7,DAP,180,pail,new,185,USD,"Antwerp",Belgium,2026-02-20,ISO VG 320 base oil viscosity. Food grade equivalent available (NSF H1) on request.
ElectroPower Systems,Distributor,EPS-EXPL-DIST-PANEL-ATEX,Eaton,EAT-EXFL-6W-115,ATEX Zone 1 Explosion-Proof Distribution Panel 6-Way 63A 115/230V TPN,consumer,Electrical & Lighting,Electrical Equipment,,,,,,,-40,55,GRP enclosure / SS316 hardware,,,,,,,"Hazardous Area Electrical",No,No,ATEX Zone 1,,,"{""ATEX"": true, ""IECEx"": true, ""EN 60079-0"": true, ""IP66"": true}",Ireland,8537.10.99,No,1,pcs,60,EXW,3,pcs,new,5800,USD,"Dublin",Ireland,2026-04-01,Includes 6× MCB 16A breakers, neutral and earth bar, cable glands EX-e M25.
